[
  {
    "id": "Login.addToCheck",
    "defaultMessage": "Add to Check"
  },
  {
    "id": "Login.addLinks",
    "defaultMessage": "Add links to Check with one click. Links will be added to your selected project."
  },
  {
    "id": "Login.getStarted",
    "defaultMessage": "To get started, sign in."
  },
  {
    "id": "Login.signIn",
    "defaultMessage": "Sign In"
  },
  {
    "id": "Error.thereWasAProblem",
    "defaultMessage": "Hmm, there was a problem"
  },
  {
    "id": "Error.tryAgain",
    "defaultMessage": "Please try again later."
  },
  {
    "id": "Error.forHelp",
    "defaultMessage": "For help contact check@meedan.com."
  },
  {
    "id": "Save.error",
    "defaultMessage": "Sorry, we encountered a problem adding this to Check."
  },
  {
    "id": "Save.addToCheck",
    "defaultMessage": "Add to Check"
  },
  {
    "id": "Save.openInNewTab",
    "defaultMessage": "Open in new tab"
  },
  {
    "id": "Save.editTags",
    "defaultMessage": "Edit tags"
  },
  {
    "id": "Save.moveToProject",
    "defaultMessage": "Move to project"
  },
  {
    "id": "Save.addTask",
    "defaultMessage": "Add task"
  },
  {
    "id": "Save.editTitle",
    "defaultMessage": "Edit title"
  },
  {
    "id": "Save.myProfile",
    "defaultMessage": "My profile"
  },
  {
    "id": "Save.logOut",
    "defaultMessage": "Log out"
  },
  {
    "id": "Save.claim",
    "defaultMessage": "Claim: {text}"
  },
  {
    "id": "Save.link",
    "defaultMessage": "Link: {link}"
  },
  {
    "id": "Save.save",
    "defaultMessage": "Save"
  },
  {
    "id": "Save.saving",
    "defaultMessage": "Saving..."
  },
  {
    "id": "Save.saved",
    "defaultMessage": "Saved"
  },
  {
    "id": "Projects.select",
    "defaultMessage": "Select..."
  }
]