[
  {
    "id": "app.loading",
    "defaultMessage": "Authenticating on Check..."
  },
  {
    "id": "saveOrUpdate.error",
    "defaultMessage": "Sorry, could not look for this URL in Check."
  },
  {
    "id": "saveOrUpdate.loading",
    "defaultMessage": "Looking for this URL in Check..."
  },
  {
    "id": "saveOrUpdate.errorNoUrlOrText",
    "defaultMessage": "You need to pass at least a URL or a piece of text."
  },
  {
    "id": "Login.addLinksToApp",
    "defaultMessage": "Add links to Check with one click. Links will be added to your selected list. If the link already exists, you are able to annotate it."
  },
  {
    "id": "Login.start",
    "defaultMessage": "To get started, sign in and then reload the page."
  },
  {
    "id": "Login.signIn",
    "defaultMessage": "Sign In"
  },
  {
    "id": "loading.loading",
    "defaultMessage": "Loading..."
  },
  {
    "id": "save.noTeam",
    "defaultMessage": "You must be a member of at least one team in order to use the browser extension."
  },
  {
    "id": "save.error",
    "defaultMessage": "Error"
  },
  {
    "id": "save.saveTo",
    "defaultMessage": "Save to:"
  },
  {
    "id": "save.url",
    "defaultMessage": "Link URL"
  },
  {
    "id": "save.text",
    "defaultMessage": "Text claim"
  },
  {
    "id": "save.saving",
    "defaultMessage": "Saving..."
  },
  {
    "id": "save.save",
    "defaultMessage": "Save"
  },
  {
    "id": "update.saved",
    "defaultMessage": "Saved!"
  },
  {
    "id": "update.alreadyAdded",
    "defaultMessage": "This link has already been added."
  },
  {
    "id": "update.openInCheck",
    "defaultMessage": "Open in Check"
  },
  {
    "id": "update.media",
    "defaultMessage": "Media"
  },
  {
    "id": "update.metadata",
    "defaultMessage": "Metadata"
  },
  {
    "id": "update.tasks",
    "defaultMessage": "Tasks"
  },
  {
    "id": "update.loading",
    "defaultMessage": "Loading..."
  },
  {
    "id": "menu.changeWorkspace",
    "defaultMessage": "Change workspace"
  },
  {
    "id": "menu.logout",
    "defaultMessage": "Log out"
  },
  {
    "id": "media.title",
    "defaultMessage": "Title"
  },
  {
    "id": "media.source",
    "defaultMessage": "Source"
  },
  {
    "id": "media.publishedOn",
    "defaultMessage": "Published on"
  },
  {
    "id": "media.url",
    "defaultMessage": "URL"
  },
  {
    "id": "media.shares",
    "defaultMessage": "Shares"
  },
  {
    "id": "media.reactions",
    "defaultMessage": "Reactions"
  },
  {
    "id": "media.comments",
    "defaultMessage": "Comments"
  },
  {
    "id": "media.description",
    "defaultMessage": "Description"
  },
  {
    "id": "mediaCell.notAvailable",
    "defaultMessage": "Not available"
  }
]