[
  {
    "id": "NoInput.noInput",
    "defaultMessage": "Please invoke this application from the share menu of another application, or copy something to the clipboard and open this application again."
  },
  {
    "id": "Login.registerOrRecover",
    "defaultMessage": "Register or recover password?"
  },
  {
    "id": "Login.addToApp",
    "defaultMessage": "Add to {app}"
  },
  {
    "id": "Login.addLinksToApp",
    "defaultMessage": "Add links to {app} with one click. Links will be added to your selected project."
  },
  {
    "id": "Login.getStarted",
    "defaultMessage": "To get started, sign in."
  },
  {
    "id": "Login.signIn",
    "defaultMessage": "Sign In"
  },
  {
    "id": "SaveOrUpdate.update",
    "defaultMessage": "Update on {app}"
  },
  {
    "id": "Error.thereWasAProblem",
    "defaultMessage": "Hmm, there was a problem"
  },
  {
    "id": "Error.forHelp",
    "defaultMessage": "For help contact {email}."
  },
  {
    "id": "Select.select",
    "defaultMessage": "Select..."
  },
  {
    "id": "Save.error",
    "defaultMessage": "Sorry, we encountered a problem adding this item to {app}."
  },
  {
    "id": "Save.exists",
    "defaultMessage": "This link has already been saved to your project. You can view it here: {link}"
  },
  {
    "id": "Save.imageTooLarge",
    "defaultMessage": "Sorry, this image is too large."
  },
  {
    "id": "Save.addToApp",
    "defaultMessage": "Add to {app}"
  },
  {
    "id": "Save.openInNewTab",
    "defaultMessage": "Open in new tab"
  },
  {
    "id": "Save.editTags",
    "defaultMessage": "Edit tags"
  },
  {
    "id": "Save.moveToProject",
    "defaultMessage": "Move to project"
  },
  {
    "id": "Save.addTask",
    "defaultMessage": "Add task"
  },
  {
    "id": "Save.editTitle",
    "defaultMessage": "Edit title"
  },
  {
    "id": "Save.myProfile",
    "defaultMessage": "My profile"
  },
  {
    "id": "Save.logOut",
    "defaultMessage": "Log out"
  },
  {
    "id": "Save.claim",
    "defaultMessage": "Claim: {text}"
  },
  {
    "id": "Save.link",
    "defaultMessage": "Link: {link}"
  },
  {
    "id": "Save.save",
    "defaultMessage": "Save"
  },
  {
    "id": "Save.saving",
    "defaultMessage": "Saving..."
  },
  {
    "id": "Save.saved",
    "defaultMessage": "Saved!"
  },
  {
    "id": "Save.view",
    "defaultMessage": "View"
  },
  {
    "id": "Projects.noTeams",
    "defaultMessage": "You are not a member of any team allowed to use the mobile application."
  },
  {
    "id": "LargeImage.tooLarge",
    "defaultMessage": "Sorry, this image is too large. Its size of {size} exceeds the maximum size of {max}."
  }
]